Catalogue	fl	gene	Isoforms
ENSEMBL v104	0.197405405405405	3135	1.47527910685805
lncRbaseV2	0.289791522424802	9628	1.35012463647694
RefSeq	0.0930087390761548	3032	1.58509234828496
ZFLNC	0.224950718107575	11272	1.57514194464159
protein coding (v47)	0.634666920381206	17943	3.51462966059187
protein coding (v104)	0.567881596237637	23517	1.84449547136114
GENCODE v47	0.27626006219021	30502	5.99918038161432
