annotation	species	pc_genes	pc_transcripts	pc_isoforms	lncRNA_genes	lncRNA_transcripts	lncRNA_isoforms
GENCODE.v47	human	20092	89832	4.47103324706350786382	35934	191106	5.31825012522958757722
GENCODE.vM36	mouse	21700	58547	2.69801843317972350230	36172	156135	4.31646024549375207342
ENSEMBL.v104	zebrafish	25107	44803	1.78448241526267574779	3247	4741	1.46011703110563597166
ENSEMBL.v113	zebrafish	25107	44803	1.78448241526267574779	3247	4741	1.46011703110563597166
